INSERT INTO `accounts` (`userID`, `username`, `hash`, `salt`) VALUES
(11, 'oamour22@gmail.com', '$2y$10$T9xZ3rw9vlZUV17dowRBGu4pw6MwYVhWuyGeuITTPZmtVqK68Ontu', NULL),
(12, 'test_p1@gmail.com', '$2y$10$bd7umEBDywWYggUyG1PfpOpzmtmJpaLxzD6KqAJocuOenyEb0Bxlu', NULL),
(13, 'test_p2@gmail.com', '$2y$10$e120ed62kUGtgrR/AE9hmOuY5LCjWpfM3j6qiNlPaXO0h/2vw2sGe', NULL),
(14, 'test_p3@gmail.com', '$2y$10$PkFhyRXI3Q75JWEFD6Si5.6.YxJHopPKGXqO7/ncspgJz/jrhScbq', NULL),
(15, 'test_p4@gmail.com', '$2y$10$1J9QEqMq/LqvFH.27nKuU.G0j5O1LoruayWIbwWaq8M9BoWUwxoUe', NULL),
(16, 'test_p5@gmail.com', '$2y$10$5lXwgH9hQMpEyl/mZ0KnRO2qKdSnro0DcZTqnEeGyHsdIyIm.pNLu', NULL),
(17, 'test_p6@gmail.com', '$2y$10$XrjXp1JzvYirVkRWW1K3weDYfylFqEqlTxHqz947HNXpiv9CFtE2C', NULL),
(18, 'test_p7@gmail.com', '$2y$10$HskPzDsUad05J2Cv8gc1puYC3dyk7wMd2/gEvt5noQuLONV8HBKka', NULL),
(19, 'test_p8@gmail.com', '$2y$10$3us3h6hvcf0YKuO0cYHI4e2FSeHeYxI8k8Q6tYnasqF9nEdYRoRb.', NULL),
(20, 'test_p9@gmail.com', '$2y$10$PTH2rRw4UOKG/mG5twaJAuAqhIyMxYMFDo5Njaw8z.DGaP7y4P58u', NULL),
(30, 'test_s10@gmail.com', '$2y$10$WuOYabJuMdH2zHCptRKHze79NeVtkqN0L4dmZ7A4JJ3pMe1Ns5gEG', NULL),
(31, 'test_s11@gmail.com', '$2y$10$/QYneKLgct.96VekQxD.6ecAADANUZxVqben5ikStKEnGsOmA76uO', NULL),
(32, 'test_s12@gmail.com', '$2y$10$LaM6XQUeEwkcQIQYEySa0enUHatwH.bx3K2odElb7FPS.kjntEYtu', NULL),
(33, 'test_s13@gmail.com', '$2y$10$OCLcOr63v/Ihm42I/q3RaeznlEOJA91eNqMIJIF2Dx/5maxXcpNne', NULL),
(34, 'test_s14@gmail.com', '$2y$10$NvC6CBGNTGBW0svsHic5fuwfci9kECxFpXaiSY.2mTPdpgWmEpFia', NULL),
(35, 'test_s15@gmail.com', '$2y$10$qX41c9uxCn.fZXWuZ6Ttn.mNo/e56KmnRnJs/BwrYedUYsfFQih3C', NULL),
(36, 'test_s16@gmail.com', '$2y$10$Z7jyWZakyg14yj1aIQqgpuF915YGnzXfJIndtyaynUNIkRNKL2LBO', NULL),
(37, 'test_s17@gmail.com', '$2y$10$9sn/Gahs.I15iIYHjb2MiuS1Y1DyImK6uyZs3wuRowUxq9OWNAPLq', NULL),
(38, 'test_s18@gmail.com', '$2y$10$OPurmi8sE1jQu9e104puk.rQejkjAoe2lLTviAoC.RcfsWjHpCLMq', NULL),
(39, 'test_s19@gmail.com', '$2y$10$0kjn6F/5NXhlDc.9ULKMWeC35m8BzGUN0mPvLfOWeoH40BXcjispu', NULL),
(21, 'test_s1@gmail.com', '$2y$10$OW.WCtWNA/o7SuVugDZVZeTmXqpIIyg3PsOMF86A9wHWTELsf8eJe', NULL),
(40, 'test_s20@gmail.com', '$2y$10$ZnTeHXAlKpPQ9EbrMuqSVeKQ4s7LbsUFGKCa3xYqC5HUV8SnhjpkG', NULL),
(22, 'test_s2@gmail.com', '$2y$10$HYUs0Irk03jhEjnFgWcgGOtbwy501YG7UCMiN3jkdVQ9FCQyMQyby', NULL),
(23, 'test_s3@gmail.com', '$2y$10$OrMjp6Hz6FlmLfUal1jVUOmFllipT08Drb19AbG9pBUrGhevO.43q', NULL),
(24, 'test_s4@gmail.com', '$2y$10$ACis3gKDd.FJOQ6/aAq8L.M9wPgRUBUFGsG7Du9Iihm6b/aqJ5FQi', NULL),
(25, 'test_s5@gmail.com', '$2y$10$TxL1K0x7z.USgSIu53NbK.LB8Nf4zBq2JKWUnX0SwLsqUJw7E8GtS', NULL),
(26, 'test_s6@gmail.com', '$2y$10$V1R1hggIlCRdA5IaNFSfAOx6E/eWOFwfkfLGGN.5wOKFqnR538STS', NULL),
(27, 'test_s7@gmail.com', '$2y$10$znS0RfuNAgvtkz.UstlF7.kQWLKzVtSbQKP9sM.E91zpa3An6.1BG', NULL),
(28, 'test_s8@gmail.com', '$2y$10$hGJO6LEpXlLgiTndw35KJu/adYj3PIRhFGlA8npSRWzPBwRhOV3uu', NULL),
(29, 'test_s9@gmail.com', '$2y$10$gV3zEJoqez1YHJiAPiOeJuMqzJgMividZrfLF8xAr3vMFGFIQQe82', NULL);

INSERT INTO `mentees` (`menteeID`, `userID`) VALUES
(21, 21),
(23, 23),
(24, 24),
(26, 26),
(27, 27),
(29, 29),
(30, 30),
(32, 32),
(33, 33),
(35, 35),
(36, 36),
(38, 38),
(39, 39);

INSERT INTO `mentors` (`mentorID`, `userID`) VALUES
(22, 22),
(23, 23),
(25, 25),
(26, 26),
(28, 28),
(29, 29),
(31, 31),
(32, 32),
(34, 34),
(35, 35),
(37, 37),
(38, 38),
(40, 40);

INSERT INTO `moderators` (`modID`, `userID`, `superMod`) VALUES
(11, 11, 0),
(13, 13, 0),
(15, 15, 0),
(17, 17, 0),
(18, 18, 0),
(19, 19, 0);

INSERT INTO `parentchild` (`parentID`, `childID`) VALUES
(1, 3),
(5, 8),
(5, 9),
(5, 10),
(11, 21),
(11, 22),
(11, 23),
(12, 24),
(12, 25),
(12, 26),
(12, 27),
(14, 28),
(14, 29),
(14, 30),
(14, 31),
(14, 32),
(14, 33),
(18, 34),
(18, 35),
(18, 36),
(19, 37),
(19, 38),
(19, 39),
(19, 40);

INSERT INTO `users` (`userID`, `name`, `email`, `phone`, `city`, `state`, `gradeLevel`, `isParent`, `isStudent`) VALUES
(11, 'Owen Amour', 'oamour22@gmail.com', '7736957397', 'Milford', 'MA', NULL, 1, 0),
(12, 'Nick Bishop', 'test_p1@gmail.com', '5846537133', 'Nahant', 'MA', NULL, 1, 0),
(13, 'Nora Bishop', 'test_p2@gmail.com', '6819935920', 'Nahant', 'MA', NULL, 1, 0),
(14, 'David Bishop', 'test_p3@gmail.com', '7008122447', 'Nahant', 'MA', NULL, 1, 0),
(15, 'Pierre Nash', 'test_p4@gmail.com', '1881453583', 'Salem', 'NH', NULL, 1, 0),
(16, 'Kieran Dickenson', 'test_p5@gmail.com', '6330677218', 'Salem', 'NH', NULL, 1, 0),
(17, 'Jaime Lowell', 'test_p6@gmail.com', '4821183286', 'Lowell', 'MA', NULL, 1, 0),
(18, 'Sammy Blue', 'test_p7@gmail.com', '6086308447', 'Lowell', 'MA', NULL, 1, 0),
(19, 'Carlota Baldwin', 'test_p8@gmail.com', '8010441598', 'Lowell', 'MA', NULL, 1, 0),
(20, 'Fern Paige', 'test_p9@gmail.com', '0158225357', 'Lowell', 'MA', NULL, 1, 0),
(21, 'Anona Wilkins', 'test_s1@gmail.com', '6187509188', 'Lowell', 'MA', 1, 0, 1),
(22, 'Matilda Bristow', 'test_s2@gmail.com', '5736854922', 'Lowell', 'MA', 2, 0, 1),
(23, 'Riley Payne', 'test_s3@gmail.com', '9318595665', 'Lowell', 'MA', 3, 0, 1),
(24, 'Alita Lowe', 'test_s4@gmail.com', '9192393951', 'Lowell', 'MA', 4, 0, 1),
(25, 'Langdon Dwight', 'test_s5@gmail.com', '1648595808', 'Lowell', 'MA', 1, 0, 1),
(26, 'Scott Glover', 'test_s6@gmail.com', '4239525757', 'Lowell', 'MA', 2, 0, 1),
(27, 'Stacee Jewel', 'test_s7@gmail.com', '1035359574', 'Lowell', 'MA', 3, 0, 1),
(28, 'Crofton Crawford', 'test_s8@gmail.com', '0033732978', 'Lowell', 'MA', 4, 0, 1),
(29, 'Tiara Linwood', 'test_s9@gmail.com', '2233020535', 'Lowell', 'MA', 1, 0, 1),
(30, 'Alec Deniau', 'test_s10@gmail.com', '5704324470', 'Lowell', 'MA', 2, 0, 1),
(31, 'Sawyer Mullins', 'test_s11@gmail.com', '0939915056', 'Lowell', 'MA', 3, 0, 1),
(32, 'Jessie Fishman', 'test_s12@gmail.com', '1433065767', 'Lowell', 'MA', 4, 0, 1),
(33, 'Darwin Bond', 'test_s13@gmail.com', '0680625999', 'Lowell', 'MA', 1, 0, 1),
(34, 'Candis Yamada', 'test_s14@gmail.com', '9665454603', 'Lowell', 'MA', 2, 0, 1),
(35, 'Juanita Danniel', 'test_s15@gmail.com', '6245442623', 'Lowell', 'MA', 3, 0, 1),
(36, 'Shichirou Lopez', 'test_s16@gmail.com', '0798942292', 'Lowell', 'MA', 4, 0, 1),
(37, 'Yancy Arriola', 'test_s17@gmail.com', '8535415964', 'Lowell', 'MA', 1, 0, 1),
(38, 'Praise Wilkinson', 'test_s18@gmail.com', '5014819117', 'Lowell', 'MA', 2, 0, 1),
(39, 'Jazmine Patrick', 'test_s19@gmail.com', '0082716621', 'Lowell', 'MA', 3, 0, 1),
(40, 'Rikuto Ott', 'test_s20@gmail.com', '7683357368', 'Lowell', 'MA', 4, 0, 1);
